gene,type,associated_peaks,associated_TFs
PRDM16,TF,"chr1:2909922-2915559,chr1:2925132-2931310","EBF1,ERG,EYA1,FLI1,GLI3,GLIS3,HIF3A,IKZF1,LEF1,MECOM,NFIA,ONECUT1,PRRX1,RFX4,RIT2,RUNX1,RUNX2,SOX6,TAC1,TBX18,TLL1,ZFHX3,ZIC1,ZNF208,ZNF98"
RNF220,target,"chr1:44404877-44409048,chr1:44500172-44502362","EBF1,ERG,EYA1,FLI1,GLI3,GLIS3,HIF3A,IKZF1,LEF1,MECOM,NFIA,ONECUT1,PRDM16,PRRX1,RFX4,RIT2,RUNX1,RUNX2,SOX6,TAC1,TBX18,TLL1,ZFHX3,ZIC1,ZNF208,ZNF98"
AL358075.2,target,"chr1:46182143-46188988,chr1:46273405-46281424","EBF1,ERG,EYA1,FLI1,GLI3,GLIS3,HIF3A,IKZF1,LEF1,MECOM,NFIA,ONECUT1,PRDM16,PRRX1,RFX4,RIT2,RUNX1,RUNX2,SOX6,TAC1,TBX18,TLL1,ZFHX3,ZIC1,ZNF208,ZNF98"
NFIA,TF,,
ROR1,target,chr1:63969422-63969713,"EBF1,ERG,EYA1,FLI1,GLI3,GLIS3,IKZF1,LEF1,MECOM,NFIA,ONECUT1,PRDM16,RFX4,RIT2,RUNX1,RUNX2,SOX6,TBX18,TLL1,ZIC1,ZNF208,ZNF98"
PTGER3,target,,
AL591463.1,target,chr1:73953341-73953907,"EBF1,ERG,EYA1,FLI1,GLI3,GLIS3,HIF3A,IKZF1,LEF1,MECOM,NFIA,ONECUT1,PRDM16,PRRX1,RFX4,RIT2,RUNX1,RUNX2,SOX6,TBX18,TLL1,ZFHX3,ZIC1,ZNF208,ZNF98"
IFI44L,target,,
ADGRL4,target,,
LINC01781,target,,
CDC14A,target,,
NTNG1,target,,
AL445426.1,target,chr1:112501350-112518655,"EBF1,ERG,EYA1,FLI1,GLI3,GLIS3,HIF3A,IKZF1,LEF1,MECOM,NFIA,ONECUT1,PRDM16,PRRX1,RFX4,RIT2,RUNX1,RUNX2,SOX6,TAC1,TBX18,TLL1,ZFHX3,ZIC1,ZNF208,ZNF98"
ATP1A2,target,"chr1:160057869-160064073,chr1:160064679-160071061","EBF1,ERG,EYA1,FLI1,GLI3,GLIS3,HIF3A,IKZF1,LEF1,MECOM,NFIA,ONECUT1,PRDM16,PRRX1,RFX4,RIT2,RUNX1,RUNX2,SOX6,TAC1,TBX18,TLL1,ZFHX3,ZIC1,ZNF208,ZNF98"
HSPA6,target,chr1:161492835-161493213,"EBF1,ERG,FLI1,GLI3,GLIS3,HIF3A,IKZF1,LEF1,MECOM,NFIA,ONECUT1,PRDM16,RFX4,RIT2,RUNX1,RUNX2,SOX6,TAC1,TBX18,TLL1,ZFHX3,ZIC1,ZNF208,ZNF98"
PRRX1,TF,chr1:170661144-170668740,"EBF1,ERG,EYA1,FLI1,GLI3,GLIS3,HIF3A,IKZF1,LEF1,MECOM,NFIA,ONECUT1,PRDM16,RFX4,RIT2,RUNX1,RUNX2,SOX6,TAC1,TBX18,TLL1,ZFHX3,ZIC1,ZNF208,ZNF98"
BX284613.2,target,,
FMO2,target,,
AL136114.1,target,,
LINC01344,target,chr1:182128858-182129811,"EBF1,ERG,EYA1,FLI1,GLI3,GLIS3,HIF3A,IKZF1,LEF1,MECOM,NFIA,ONECUT1,PRDM16,PRRX1,RFX4,RIT2,RUNX1,RUNX2,SOX6,TAC1,TBX18,TLL1,ZFHX3,ZIC1,ZNF208,ZNF98"
ERVMER61-1,target,,
LINC01035,target,,
AL138927.1,target,,
RGS1,target,,
AL136456.1,target,,
AL353072.2,target,,
CFH,target,,
AL450352.1,target,,
PTPRC,target,,
CHI3L1,target,,
AC096637.1,target,chr1:211489677-211493750,"EBF1,ERG,EYA1,FLI1,GLI3,GLIS3,HIF3A,IKZF1,LEF1,MECOM,NFIA,ONECUT1,PRDM16,PRRX1,RFX4,RIT2,RUNX1,RUNX2,SOX6,TAC1,TBX18,TLL1,ZFHX3,ZIC1,ZNF208,ZNF98"
AL356108.1,target,,
AL392172.2,target,,
ITPKB,target,"chr1:226560205-226571217,chr1:226600006-226611387,chr1:226636415-226648171,chr1:226649090-226668522,chr1:226972957-226990838","EBF1,ERG,EYA1,FLI1,GLI3,GLIS3,HIF3A,IKZF1,LEF1,MECOM,NFIA,ONECUT1,PRDM16,PRRX1,RFX4,RIT2,RUNX1,RUNX2,SOX6,TAC1,TBX18,TLL1,ZFHX3,ZIC1,ZNF208,ZNF98"
PLD5,target,,
SNTG2,target,,
MIR3681HG,target,,
AC064875.1,target,chr2:12796651-12796820,"EBF1,ERG,EYA1,FLI1,GLI3,GLIS3,IKZF1,LEF1,MECOM,NFIA,PRDM16,RFX4,RIT2,RUNX1,RUNX2,SOX6,TBX18,TLL1,ZIC1,ZNF208,ZNF98"
AC093912.1,target,chr2:12796651-12796820,"EBF1,ERG,EYA1,FLI1,GLI3,GLIS3,IKZF1,LEF1,MECOM,NFIA,PRDM16,RFX4,RIT2,RUNX1,RUNX2,SOX6,TBX18,TLL1,ZIC1,ZNF208,ZNF98"
LINC00276,target,,
AC018742.1,target,,
AC096570.1,target,,
ALK,target,chr2:30035061-30035564,"EBF1,ERG,EYA1,FLI1,GLI3,GLIS3,HIF3A,IKZF1,LEF1,MECOM,NFIA,ONECUT1,PRDM16,PRRX1,RFX4,RIT2,RUNX1,RUNX2,SOX6,TAC1,TBX18,TLL1,ZFHX3,ZIC1,ZNF208,ZNF98"
LINC01320,target,,
AC079352.1,target,,
FSHR,target,,
AC007402.1,target,,
AC010967.1,target,chr2:53177246-53177871,"EBF1,ERG,EYA1,FLI1,GLI3,GLIS3,HIF3A,IKZF1,LEF1,MECOM,NFIA,ONECUT1,PRDM16,PRRX1,RFX4,RIT2,RUNX1,RUNX2,SOX6,TAC1,TBX18,TLL1,ZFHX3,ZIC1,ZNF208,ZNF98"
EFEMP1,target,,
TACR1,target,,
AC073091.3,target,,
AC012494.1,target,,
SMYD1,target,,
IL1RL1,target,,
LINC01885,target,,
MERTK,target,,
IL1B,target,,
MARCO,target,,
AC011246.1,target,,
GPR17,target,,
NCKAP5,target,chr2:133765764-133766078,"EBF1,ERG,FLI1,GLI3,GLIS3,HIF3A,IKZF1,LEF1,MECOM,NFIA,ONECUT1,PRDM16,RFX4,RIT2,RUNX1,RUNX2,SOX6,TBX18,TLL1,ZIC1,ZNF208,ZNF98"
THSD7B,target,,
NXPH2,target,chr2:138778913-138782617,"EBF1,ERG,EYA1,FLI1,GLI3,GLIS3,HIF3A,IKZF1,LEF1,MECOM,NFIA,ONECUT1,PRDM16,PRRX1,RFX4,RIT2,RUNX1,RUNX2,SOX6,TAC1,TBX18,TLL1,ZFHX3,ZIC1,ZNF208,ZNF98"
AC013265.1,target,,
KYNU,target,,
ARHGAP15,target,,
AC079793.1,target,,
TEX41,target,chr2:144593956-144594243,"ERG,EYA1,FLI1,GLI3,GLIS3,IKZF1,LEF1,MECOM,NFIA,ONECUT1,PRDM16,PRRX1,RFX4,RIT2,RUNX1,RUNX2,SOX6,TAC1,TBX18,TLL1,ZFHX3,ZIC1,ZNF98"
AC079163.2,target,,
AC105402.3,target,,
LINC01931,target,,
AC073225.1,target,chr2:155384653-155385151,"EBF1,ERG,EYA1,FLI1,GLI3,GLIS3,HIF3A,IKZF1,LEF1,MECOM,NFIA,ONECUT1,PRDM16,PRRX1,RFX4,RIT2,RUNX1,RUNX2,SOX6,TBX18,TLL1,ZFHX3,ZIC1,ZNF208,ZNF98"
LINC01876,target,chr2:156327417-156328471,"EBF1,ERG,EYA1,FLI1,GLI3,GLIS3,HIF3A,IKZF1,LEF1,MECOM,NFIA,ONECUT1,PRDM16,PRRX1,RFX4,RIT2,RUNX1,RUNX2,SOX6,TAC1,TBX18,TLL1,ZFHX3,ZIC1,ZNF208,ZNF98"
AC016766.1,target,,
LRP2,target,,
SCHLAP1,target,,
AC007319.1,target,,
CALCRL,target,,
LINC01090,target,,
COL5A2,target,,
PARD3B,target,chr2:204472397-204472773,"EBF1,ERG,EYA1,FLI1,GLI3,GLIS3,HIF3A,IKZF1,LEF1,MECOM,NFIA,ONECUT1,PRDM16,PRRX1,RFX4,RIT2,RUNX1,RUNX2,SOX6,TBX18,TLL1,ZIC1,ZNF208,ZNF98"
ERBB4,target,chr2:212535949-212540654,"EBF1,ERG,EYA1,FLI1,GLI3,GLIS3,HIF3A,IKZF1,LEF1,MECOM,NFIA,ONECUT1,PRDM16,PRRX1,RFX4,RIT2,RUNX1,RUNX2,SOX6,TAC1,TBX18,TLL1,ZFHX3,ZIC1,ZNF208,ZNF98"
SPHKAP,target,chr2:228180040-228182399,"EBF1,ERG,EYA1,FLI1,GLI3,GLIS3,HIF3A,IKZF1,LEF1,MECOM,NFIA,ONECUT1,PRDM16,PRRX1,RFX4,RIT2,RUNX1,RUNX2,SOX6,TAC1,TBX18,TLL1,ZIC1,ZNF208,ZNF98"
LINC01266,target,,
LMCD1,target,,
KCNH8,target,,
SGO1-AS1,target,,
ZNF385D,target,,
TGFBR2,target,chr3:30680746-30682221,"EBF1,ERG,EYA1,FLI1,GLI3,GLIS3,HIF3A,IKZF1,LEF1,MECOM,NFIA,ONECUT1,PRDM16,PRRX1,RFX4,RIT2,RUNX1,RUNX2,SOX6,TAC1,TBX18,TLL1,ZFHX3,ZIC1,ZNF208,ZNF98"
MOBP,target,"chr3:39220785-39221052,chr3:39466996-39468296,chr3:39497368-39508440","EBF1,ERG,EYA1,FLI1,GLI3,GLIS3,HIF3A,IKZF1,LEF1,MECOM,NFIA,ONECUT1,PRDM16,PRRX1,RFX4,RIT2,RUNX1,RUNX2,SOX6,TAC1,TBX18,TLL1,ZFHX3,ZIC1,ZNF208,ZNF98"
LINC00698,target,,
ADAMTS9,target,chr3:64684673-64689094,"EBF1,ERG,EYA1,FLI1,GLI3,GLIS3,HIF3A,IKZF1,LEF1,MECOM,NFIA,ONECUT1,PRDM16,PRRX1,RFX4,RIT2,RUNX1,RUNX2,SOX6,TAC1,TBX18,TLL1,ZFHX3,ZIC1,ZNF208,ZNF98"
ADAMTS9-AS2,target,,
TAFA4,target,,
SAMMSON,target,"chr3:69998716-70001281,chr3:70110197-70110355","EBF1,ERG,EYA1,FLI1,GLI3,GLIS3,HIF3A,IKZF1,LEF1,MECOM,NFIA,ONECUT1,PRDM16,PRRX1,RFX4,RIT2,RUNX1,RUNX2,SOX6,TAC1,TBX18,TLL1,ZFHX3,ZIC1,ZNF208,ZNF98"
LINC02008,target,,
AC023503.1,target,,
ABI3BP,target,chr3:100833518-100833812,"ERG,EYA1,FLI1,GLIS3,IKZF1,LEF1,MECOM,NFIA,ONECUT1,PRDM16,PRRX1,RFX4,RIT2,RUNX1,RUNX2,SOX6,TLL1,ZFHX3,ZNF208,ZNF98"
AC068633.1,target,,
ALDH1L1,target,"chr3:126056465-126066324,chr3:126301125-126301419","EBF1,ERG,EYA1,FLI1,GLI3,GLIS3,HIF3A,IKZF1,LEF1,MECOM,NFIA,ONECUT1,PRDM16,PRRX1,RFX4,RIT2,RUNX1,RUNX2,SOX6,TAC1,TBX18,TLL1,ZFHX3,ZIC1,ZNF208,ZNF98"
AC092957.1,target,,
ZIC1,TF,,
AC069410.1,target,,
LINC02006,target,,
GPR149,target,,
PLCH1,target,,
AC112770.1,target,chr3:161644916-161645163,"EBF1,ERG,EYA1,FLI1,GLIS3,IKZF1,LEF1,MECOM,NFIA,ONECUT1,PRDM16,PRRX1,RFX4,RIT2,RUNX1,RUNX2,SOX6,TLL1,ZFHX3,ZNF208,ZNF98"
AC128685.1,target,,
LINC01324,target,,
MECOM,TF,,
SLC7A14-AS1,target,"chr3:170418278-170422251,chr3:170485309-170486556,chr3:170640613-170642062","EBF1,ERG,EYA1,FLI1,GLI3,GLIS3,HIF3A,IKZF1,LEF1,MECOM,NFIA,ONECUT1,PRDM16,PRRX1,RFX4,RIT2,RUNX1,RUNX2,SOX6,TAC1,TBX18,TLL1,ZFHX3,ZIC1,ZNF208,ZNF98"
AC110992.1,target,,
AC117453.1,target,,
AC068308.1,target,chr3:181483910-181484341,"EBF1,ERG,EYA1,FLI1,GLI3,GLIS3,IKZF1,LEF1,MECOM,NFIA,ONECUT1,PRDM16,PRRX1,RFX4,RIT2,RUNX1,RUNX2,SOX6,TAC1,TBX18,TLL1,ZFHX3,ZIC1,ZNF208,ZNF98"
SST,target,,
APOD,target,,
AC093898.1,target,,
AC097512.1,target,,
AC093607.1,target,,
AC079772.1,target,chr4:33437466-33437708,"EBF1,ERG,FLI1,GLIS3,IKZF1,LEF1,MECOM,NFIA,ONECUT1,PRDM16,PRRX1,RFX4,RUNX1,RUNX2,SOX6,TBX18,TLL1,ZFHX3,ZIC1,ZNF208,ZNF98"
AC016687.3,target,,
AC016687.2,target,,
LINC02484,target,,
LINC02505,target,,
RBM47,target,,
KIT,target,,
IGFBP7,target,"chr4:56953766-56954349,chr4:57147457-57147866","EBF1,ERG,EYA1,FLI1,GLI3,GLIS3,HIF3A,IKZF1,LEF1,MECOM,NFIA,ONECUT1,PRDM16,PRRX1,RFX4,RIT2,RUNX1,RUNX2,SOX6,TAC1,TBX18,TLL1,ZFHX3,ZIC1,ZNF208,ZNF98"
NPFFR2,target,,
CXCL10,target,,
LINC01094,target,,
LINC01088,target,,
ARHGAP24,target,,
MEPE,target,,
SPP1,target,chr4:87855609-87855983,"EBF1,ERG,FLI1,GLI3,GLIS3,IKZF1,LEF1,MECOM,NFIA,ONECUT1,PRDM16,RFX4,RIT2,RUNX1,RUNX2,SOX6,TBX18,TLL1,ZFHX3,ZIC1,ZNF208,ZNF98"
BMPR1B,target,,
LINC02267,target,"chr4:96131213-96131542,chr4:96543209-96543665","EBF1,ERG,EYA1,FLI1,GLI3,GLIS3,HIF3A,IKZF1,LEF1,MECOM,NFIA,ONECUT1,PRDM16,PRRX1,RFX4,RIT2,RUNX1,RUNX2,SOX6,TAC1,TBX18,TLL1,ZFHX3,ZIC1,ZNF208,ZNF98"
STPG2-AS1,target,,
ADH1B,target,,
NPNT,target,,
LEF1,TF,,
ETNPPL,target,,
COL25A1,target,,
AC004704.1,target,,
NDST4,target,,
AC093765.2,target,,
AC097528.1,target,,
AC079380.1,target,chr4:134201388-134201982,"EBF1,ERG,FLI1,GLI3,GLIS3,HIF3A,IKZF1,LEF1,MECOM,NFIA,ONECUT1,PRDM16,PRRX1,RFX4,RIT2,RUNX1,RUNX2,SOX6,TAC1,TBX18,TLL1,ZFHX3,ZIC1,ZNF208,ZNF98"
AC018680.1,target,,
SLC7A11,target,chr4:138445144-138445527,"EBF1,ERG,EYA1,FLI1,HIF3A,IKZF1,LEF1,MECOM,NFIA,ONECUT1,PRDM16,PRRX1,RFX4,RIT2,RUNX2,SOX6,TAC1,TLL1,ZFHX3,ZIC1,ZNF208,ZNF98"
LINC00499,target,,
TLR2,target,,
TMEM144,target,,
AC021134.1,target,,
AC080079.2,target,chr4:165580165-165580965,"EBF1,ERG,EYA1,FLI1,GLI3,GLIS3,HIF3A,IKZF1,LEF1,MECOM,NFIA,ONECUT1,PRDM16,PRRX1,RFX4,RIT2,RUNX1,RUNX2,SOX6,TAC1,TBX18,TLL1,ZFHX3,ZIC1,ZNF208,ZNF98"
LINC01179,target,,
TLL1,TF,,
AC022325.2,target,,
AC097518.2,target,,
LINC01099,target,,
F11-AS1,target,,
LINC01060,target,,
LINC02196,target,,
SEMA5A,target,chr5:9519473-9519851,"EBF1,ERG,EYA1,FLI1,GLI3,GLIS3,IKZF1,LEF1,MECOM,NFIA,ONECUT1,PRDM16,PRRX1,RFX4,RIT2,RUNX1,RUNX2,SOX6,TAC1,TBX18,TLL1,ZIC1,ZNF208,ZNF98"
FBXL7,target,,
C5orf17,target,chr5:24177826-24178187,"EBF1,ERG,FLI1,GLI3,GLIS3,HIF3A,IKZF1,LEF1,MECOM,NFIA,ONECUT1,PRDM16,PRRX1,RFX4,RIT2,RUNX1,RUNX2,SOX6,TAC1,TBX18,TLL1,ZIC1,ZNF208,ZNF98"
AC114930.1,target,chr5:24177826-24178187,"EBF1,ERG,FLI1,GLI3,GLIS3,HIF3A,IKZF1,LEF1,MECOM,NFIA,ONECUT1,PRDM16,PRRX1,RFX4,RIT2,RUNX1,RUNX2,SOX6,TAC1,TBX18,TLL1,ZIC1,ZNF208,ZNF98"
LINC02211,target,,
AC008825.1,target,,
LINC02109,target,,
AC099517.1,target,,
AC010343.3,target,,
PRLR,target,,
IL7R,target,,
RANBP3L,target,,
SLC1A3,target,chr5:36724880-36725320,"EBF1,ERG,FLI1,GLI3,GLIS3,IKZF1,LEF1,MECOM,NFIA,ONECUT1,PRDM16,PRRX1,RFX4,RIT2,RUNX1,RUNX2,SOX6,TAC1,TBX18,TLL1,ZFHX3,ZIC1,ZNF208,ZNF98"
GDNF-AS1,target,chr5:37810254-37810614,"EBF1,ERG,EYA1,FLI1,GLI3,GLIS3,HIF3A,IKZF1,LEF1,MECOM,NFIA,ONECUT1,PRDM16,PRRX1,RFX4,RIT2,RUNX1,RUNX2,SOX6,TBX18,TLL1,ZIC1,ZNF208,ZNF98"
FYB1,target,,
C7,target,"chr5:40678941-40683026,chr5:40991277-40991664","EBF1,ERG,EYA1,FLI1,GLI3,GLIS3,HIF3A,IKZF1,LEF1,MECOM,NFIA,ONECUT1,PRDM16,PRRX1,RFX4,RIT2,RUNX1,RUNX2,SOX6,TAC1,TBX18,TLL1,ZFHX3,ZIC1,ZNF208,ZNF98"
AC022126.1,target,chr5:53031745-53032108,"EBF1,ERG,EYA1,FLI1,GLI3,GLIS3,HIF3A,IKZF1,LEF1,MECOM,NFIA,ONECUT1,PRDM16,PRRX1,RFX4,RIT2,RUNX1,RUNX2,SOX6,TAC1,TBX18,TLL1,ZFHX3,ZIC1,ZNF208,ZNF98"
ADAMTS6,target,,
AC092353.2,target,"chr5:66247233-66247856,chr5:66440310-66440745","EBF1,ERG,EYA1,FLI1,GLI3,GLIS3,HIF3A,IKZF1,LEF1,MECOM,NFIA,ONECUT1,PRDM16,PRRX1,RFX4,RIT2,RUNX1,RUNX2,SOX6,TAC1,TBX18,TLL1,ZFHX3,ZIC1,ZNF208,ZNF98"
CARTPT,target,,
LINC01331,target,chr5:74620485-74643522,"EBF1,ERG,EYA1,FLI1,GLI3,GLIS3,HIF3A,IKZF1,LEF1,MECOM,NFIA,ONECUT1,PRDM16,PRRX1,RFX4,RIT2,RUNX1,RUNX2,SOX6,TAC1,TBX18,TLL1,ZFHX3,ZIC1,ZNF208,ZNF98"
SV2C,target,chr5:76081622-76085301,"EBF1,ERG,EYA1,FLI1,GLI3,GLIS3,HIF3A,IKZF1,LEF1,MECOM,NFIA,ONECUT1,PRDM16,PRRX1,RFX4,RIT2,RUNX1,RUNX2,SOX6,TAC1,TBX18,TLL1,ZFHX3,ZIC1,ZNF208,ZNF98"
IQGAP2,target,,
S100Z,target,,
CRHBP,target,"chr5:76818629-76820227,chr5:76959179-76959605","EBF1,ERG,EYA1,FLI1,GLI3,GLIS3,HIF3A,IKZF1,LEF1,MECOM,NFIA,ONECUT1,PRDM16,PRRX1,RFX4,RIT2,RUNX1,RUNX2,SOX6,TAC1,TBX18,TLL1,ZFHX3,ZIC1,ZNF208,ZNF98"
VCAN,target,"chr5:83306666-83307075,chr5:83551909-83552507","EBF1,ERG,EYA1,FLI1,GLI3,GLIS3,HIF3A,IKZF1,LEF1,MECOM,NFIA,ONECUT1,PRDM16,PRRX1,RFX4,RIT2,RUNX1,RUNX2,SOX6,TAC1,TBX18,TLL1,ZFHX3,ZIC1,ZNF208,ZNF98"
AC109492.1,target,,
AC114971.1,target,chr5:88159681-88159859,"EBF1,ERG,FLI1,GLI3,GLIS3,IKZF1,LEF1,MECOM,ONECUT1,PRDM16,RFX4,RIT2,RUNX1,RUNX2,SOX6,TBX18,ZFHX3,ZIC1,ZNF208,ZNF98"
ADGRV1,target,chr5:90680879-90681445,"EBF1,ERG,EYA1,FLI1,GLI3,GLIS3,HIF3A,IKZF1,LEF1,MECOM,NFIA,ONECUT1,PRDM16,PRRX1,RFX4,RIT2,RUNX1,RUNX2,SOX6,TAC1,TBX18,TLL1,ZFHX3,ZIC1,ZNF208,ZNF98"
LINC02147,target,chr5:117800343-117800679,"EBF1,ERG,FLI1,GLIS3,HIF3A,IKZF1,LEF1,MECOM,NFIA,ONECUT1,PRDM16,PRRX1,RFX4,RIT2,RUNX1,RUNX2,SOX6,TLL1,ZFHX3,ZIC1,ZNF98"
LINC02208,target,,
AC008568.1,target,,
LINC01170,target,,
GRAMD2B,target,,
FBN2,target,,
SLC27A6,target,,
CXCL14,target,chr5:135641513-135643510,"EBF1,ERG,EYA1,FLI1,GLI3,GLIS3,HIF3A,IKZF1,LEF1,MECOM,NFIA,ONECUT1,PRDM16,PRRX1,RFX4,RIT2,RUNX1,RUNX2,SOX6,TAC1,TBX18,TLL1,ZFHX3,ZIC1,ZNF208,ZNF98"
AC132803.1,target,,
PRELID2,target,,
AC008571.2,target,,
LINC01470,target,,
EBF1,TF,,
AC109466.1,target,,
AC008415.1,target,,
KCNIP1,target,"chr5:170297561-170297962,chr5:170300709-170301099,chr5:170331202-170331580","EBF1,ERG,EYA1,FLI1,GLI3,GLIS3,HIF3A,IKZF1,LEF1,MECOM,NFIA,ONECUT1,PRDM16,PRRX1,RFX4,RIT2,RUNX1,RUNX2,SOX6,TAC1,TBX18,TLL1,ZFHX3,ZIC1,ZNF208,ZNF98"
AL033523.1,target,,
F13A1,target,,
CASC15,target,,
HSPA1A,target,,
RUNX2,TF,,
HCRTR2,target,,
COL21A1,target,,
AL355612.1,target,,
TENT5A,target,,
TBX18,TF,,
CNR1,target,,
AL589740.1,target,,
ROS1,target,,
GJA1,target,,
AL445259.1,target,,
TPD52L1,target,,
THEMIS,target,,
LAMA2,target,,
SAMD3,target,,
CCN2,target,,
AL133346.1,target,,
LINC00326,target,,
EYA4,target,,
NHSL1,target,chr6:138521877-138522106,"EBF1,ERG,FLI1,GLI3,GLIS3,IKZF1,LEF1,MECOM,NFIA,ONECUT1,PRDM16,RFX4,RIT2,RUNX2,SOX6,TLL1,ZFHX3,ZIC1,ZNF208,ZNF98"
VIP,target,,
AL589693.1,target,"chr6:156283224-156283420,chr6:156316806-156317088,chr6:156427446-156427759","EBF1,ERG,FLI1,GLI3,GLIS3,HIF3A,IKZF1,LEF1,MECOM,NFIA,ONECUT1,PRDM16,PRRX1,RFX4,RIT2,RUNX1,RUNX2,SOX6,TAC1,TBX18,TLL1,ZFHX3,ZIC1,ZNF208,ZNF98"
SLC22A3,target,chr6:160274779-160275987,"EBF1,ERG,EYA1,FLI1,GLI3,GLIS3,HIF3A,IKZF1,LEF1,MECOM,NFIA,ONECUT1,PRDM16,PRRX1,RFX4,RIT2,RUNX1,RUNX2,SOX6,TAC1,TBX18,TLL1,ZFHX3,ZIC1,ZNF208,ZNF98"
SDK1,target,,
NXPH1,target,chr7:8389768-8390532,"EBF1,ERG,EYA1,FLI1,GLI3,GLIS3,HIF3A,IKZF1,LEF1,MECOM,NFIA,ONECUT1,PRDM16,PRRX1,RFX4,RIT2,RUNX1,RUNX2,SOX6,TAC1,TBX18,TLL1,ZFHX3,ZIC1,ZNF208,ZNF98"
AC004852.2,target,,
AC004949.1,target,,
SCIN,target,,
AC007091.1,target,chr7:19115914-19119633,"EBF1,ERG,EYA1,FLI1,GLI3,GLIS3,HIF3A,IKZF1,LEF1,MECOM,NFIA,ONECUT1,PRDM16,PRRX1,RFX4,RIT2,RUNX1,RUNX2,SOX6,TAC1,TBX18,TLL1,ZFHX3,ZIC1,ZNF208,ZNF98"
NPY,target,,
AC008080.4,target,,
NPSR1-AS1,target,,
NPSR1,target,,
INHBA,target,,
GLI3,TF,chr7:42035265-42035515,"EBF1,ERG,FLI1,GLIS3,IKZF1,LEF1,MECOM,NFIA,PRDM16,PRRX1,RFX4,RIT2,RUNX1,RUNX2,SOX6,TBX18,TLL1,ZIC1,ZNF208,ZNF98"
IKZF1,TF,,
LINC01446,target,,
EGFR,target,,
CD36,target,,
SEMA3E,target,chr7:83882653-83883140,"EBF1,ERG,FLI1,GLI3,GLIS3,HIF3A,IKZF1,LEF1,MECOM,NFIA,ONECUT1,PRDM16,PRRX1,RFX4,RIT2,RUNX1,RUNX2,SOX6,TAC1,TBX18,TLL1,ZFHX3,ZIC1,ZNF208,ZNF98"
SEMA3A,target,,
AC002069.2,target,,
ZNF804B,target,,
CALCR,target,,
COL1A2,target,,
AC002429.2,target,,
PDK4,target,chr7:95404409-95404598,"EBF1,ERG,FLI1,GLIS3,IKZF1,LEF1,MECOM,NFIA,ONECUT1,PRDM16,PRRX1,RFX4,RIT2,RUNX1,RUNX2,SOX6,TLL1,ZIC1,ZNF208,ZNF98"
DLX6-AS1,target,chr7:97000452-97008471,"EBF1,ERG,EYA1,FLI1,GLI3,GLIS3,HIF3A,IKZF1,LEF1,MECOM,NFIA,ONECUT1,PRDM16,PRRX1,RFX4,RIT2,RUNX1,RUNX2,SOX6,TAC1,TBX18,TLL1,ZFHX3,ZIC1,ZNF208,ZNF98"
TAC1,TF,chr7:97731661-97734099,"EBF1,ERG,EYA1,FLI1,GLI3,GLIS3,HIF3A,IKZF1,LEF1,MECOM,NFIA,ONECUT1,PRDM16,PRRX1,RFX4,RIT2,RUNX1,RUNX2,SOX6,TBX18,TLL1,ZFHX3,ZIC1,ZNF208,ZNF98"
SERPINE1,target,chr7:101278506-101279064,"EBF1,ERG,FLI1,GLI3,GLIS3,IKZF1,LEF1,MECOM,NFIA,ONECUT1,PRDM16,PRRX1,RFX4,RIT2,RUNX1,RUNX2,SOX6,TAC1,TBX18,TLL1,ZFHX3,ZIC1,ZNF208,ZNF98"
RELN,target,,
LHFPL3,target,,
AC002066.1,target,chr7:116455066-116455735,"EBF1,ERG,EYA1,FLI1,GLI3,GLIS3,HIF3A,IKZF1,LEF1,MECOM,NFIA,ONECUT1,PRDM16,PRRX1,RFX4,RIT2,RUNX1,RUNX2,SOX6,TAC1,TBX18,TLL1,ZFHX3,ZIC1,ZNF208,ZNF98"
CPED1,target,,
PTPRZ1,target,,
CHRM2,target,,
TBXAS1,target,"chr7:139699040-139703993,chr7:139936915-139937879","EBF1,ERG,EYA1,FLI1,GLI3,GLIS3,HIF3A,IKZF1,LEF1,MECOM,NFIA,ONECUT1,PRDM16,PRRX1,RFX4,RIT2,RUNX1,RUNX2,SOX6,TAC1,TBX18,TLL1,ZFHX3,ZIC1,ZNF208,ZNF98"
DLC1,target,,
AC106845.1,target,,
SGCZ,target,,
MSR1,target,chr8:16512969-16513304,"EBF1,ERG,FLI1,GLI3,GLIS3,IKZF1,LEF1,MECOM,NFIA,ONECUT1,PRDM16,PRRX1,RFX4,RIT2,RUNX1,RUNX2,SOX6,TAC1,TLL1,ZFHX3,ZIC1,ZNF208,ZNF98"
AC011586.2,target,,
FGL1,target,chr8:17800114-17801827,"EBF1,ERG,EYA1,FLI1,GLI3,GLIS3,HIF3A,IKZF1,LEF1,MECOM,NFIA,ONECUT1,PRDM16,PRRX1,RFX4,RIT2,RUNX1,RUNX2,SOX6,TAC1,TBX18,TLL1,ZFHX3,ZIC1,ZNF208,ZNF98"
AC100849.1,target,"chr8:19081000-19081349,chr8:19093686-19094336,chr8:19373645-19374054","EBF1,ERG,EYA1,FLI1,GLI3,GLIS3,IKZF1,LEF1,MECOM,NFIA,ONECUT1,PRDM16,PRRX1,RFX4,RIT2,RUNX1,RUNX2,SOX6,TAC1,TBX18,TLL1,ZFHX3,ZIC1,ZNF208,ZNF98"
ADAM28,target,,
AC120193.1,target,chr8:25060284-25066205,"EBF1,ERG,EYA1,FLI1,GLI3,GLIS3,HIF3A,IKZF1,LEF1,MECOM,NFIA,ONECUT1,PRDM16,PRRX1,RFX4,RIT2,RUNX1,RUNX2,SOX6,TAC1,TBX18,TLL1,ZFHX3,ZIC1,ZNF208,ZNF98"
DOCK5,target,"chr8:25060284-25066205,chr8:25328313-25328622","EBF1,ERG,EYA1,FLI1,GLI3,GLIS3,HIF3A,IKZF1,LEF1,MECOM,NFIA,ONECUT1,PRDM16,PRRX1,RFX4,RIT2,RUNX1,RUNX2,SOX6,TAC1,TBX18,TLL1,ZFHX3,ZIC1,ZNF208,ZNF98"
PNOC,target,chr8:28345869-28354938,"EBF1,ERG,EYA1,FLI1,GLI3,GLIS3,HIF3A,IKZF1,LEF1,MECOM,NFIA,ONECUT1,PRDM16,PRRX1,RFX4,RIT2,RUNX1,RUNX2,SOX6,TAC1,TBX18,TLL1,ZFHX3,ZIC1,ZNF208,ZNF98"
AC124290.1,target,,
ST18,target,chr8:52369283-52369531,"EBF1,ERG,EYA1,FLI1,GLIS3,HIF3A,IKZF1,LEF1,MECOM,NFIA,ONECUT1,PRDM16,PRRX1,RFX4,RIT2,RUNX1,RUNX2,SOX6,TAC1,TBX18,TLL1,ZFHX3,ZIC1,ZNF208"
RGS20,target,,
PENK,target,chr8:56316009-56321891,"EBF1,ERG,EYA1,FLI1,GLI3,GLIS3,HIF3A,IKZF1,LEF1,MECOM,NFIA,ONECUT1,PRDM16,PRRX1,RFX4,RIT2,RUNX1,RUNX2,SOX6,TAC1,TBX18,TLL1,ZFHX3,ZIC1,ZNF208,ZNF98"
NKAIN3,target,,
PREX2,target,,
C8orf34,target,,
SULF1,target,,
EYA1,TF,,
AC083837.1,target,,
AC060765.2,target,,
AC060765.1,target,,
ZFPM2-AS1,target,,
ANGPT1,target,,
LINC01608,target,,
SLC30A8,target,chr8:117000049-117000379,"EBF1,ERG,EYA1,FLI1,GLI3,GLIS3,IKZF1,LEF1,MECOM,NFIA,ONECUT1,PRDM16,PRRX1,RIT2,RUNX1,RUNX2,SOX6,TAC1,TBX18,TLL1,ZFHX3,ZIC1,ZNF208,ZNF98"
ENPP2,target,,
SNTB1,target,,
AC016074.2,target,"chr8:125412540-125414486,chr8:125525318-125525701,chr8:125888113-125888551","EBF1,ERG,EYA1,FLI1,GLI3,GLIS3,HIF3A,IKZF1,LEF1,MECOM,NFIA,ONECUT1,PRDM16,PRRX1,RFX4,RIT2,RUNX1,RUNX2,SOX6,TAC1,TBX18,TLL1,ZFHX3,ZIC1,ZNF208,ZNF98"
CCDC26,target,chr8:129552098-129552299,"EBF1,ERG,FLI1,GLI3,GLIS3,IKZF1,LEF1,MECOM,NFIA,PRDM16,PRRX1,RFX4,RIT2,RUNX1,RUNX2,SOX6,TBX18,TLL1,ZIC1,ZNF208,ZNF98"
CCN4,target,"chr8:133117326-133117651,chr8:133190628-133201002,chr8:133384515-133386974,chr8:133406303-133407444","EBF1,ERG,EYA1,FLI1,GLI3,GLIS3,HIF3A,IKZF1,LEF1,MECOM,NFIA,ONECUT1,PRDM16,PRRX1,RFX4,RIT2,RUNX1,RUNX2,SOX6,TAC1,TBX18,TLL1,ZFHX3,ZIC1,ZNF208,ZNF98"
LINC02055,target,chr8:135925866-135926232,"EBF1,ERG,FLI1,GLI3,GLIS3,HIF3A,IKZF1,LEF1,MECOM,NFIA,ONECUT1,PRDM16,PRRX1,RFX4,RIT2,RUNX1,RUNX2,SOX6,TAC1,TLL1,ZFHX3,ZIC1,ZNF208,ZNF98"
AC046195.2,target,chr8:138062097-138062908,"EBF1,ERG,EYA1,FLI1,GLI3,GLIS3,HIF3A,IKZF1,LEF1,MECOM,NFIA,ONECUT1,PRDM16,PRRX1,RFX4,RIT2,RUNX1,RUNX2,SOX6,TAC1,TBX18,TLL1,ZFHX3,ZIC1,ZNF208,ZNF98"
DOCK8,target,chr9:394066-395282,"EBF1,ERG,EYA1,FLI1,GLI3,GLIS3,HIF3A,IKZF1,LEF1,MECOM,NFIA,ONECUT1,PRDM16,PRRX1,RFX4,RIT2,RUNX1,RUNX2,SOX6,TAC1,TBX18,TLL1,ZFHX3,ZIC1,ZNF208,ZNF98"
GLIS3,TF,"chr9:4296316-4300877,chr9:4307611-4311675","EBF1,ERG,EYA1,FLI1,GLI3,HIF3A,IKZF1,LEF1,MECOM,NFIA,ONECUT1,PRDM16,PRRX1,RFX4,RIT2,RUNX1,RUNX2,SOX6,TAC1,TBX18,TLL1,ZFHX3,ZIC1,ZNF208,ZNF98"
AL355672.1,target,,
AL353595.1,target,chr9:11697206-11697462,"EBF1,ERG,EYA1,FLI1,GLI3,IKZF1,LEF1,MECOM,NFIA,ONECUT1,PRDM16,PRRX1,RFX4,RIT2,RUNX1,RUNX2,SOX6,TAC1,TLL1,ZIC1,ZNF208,ZNF98"
BNC2,target,"chr9:16884945-16885280,chr9:16915581-16915836","EBF1,ERG,EYA1,FLI1,GLI3,GLIS3,HIF3A,IKZF1,LEF1,MECOM,NFIA,PRDM16,PRRX1,RFX4,RIT2,RUNX1,RUNX2,SOX6,TAC1,TBX18,TLL1,ZIC1,ZNF208,ZNF98"
ADAMTSL1,target,chr9:17905425-17908446,"EBF1,ERG,EYA1,FLI1,GLI3,GLIS3,HIF3A,IKZF1,LEF1,MECOM,NFIA,ONECUT1,PRDM16,PRRX1,RFX4,RIT2,RUNX1,RUNX2,SOX6,TAC1,TBX18,TLL1,ZFHX3,ZIC1,ZNF208,ZNF98"
AL391117.1,target,,
AL353811.1,target,,
FAM189A2,target,,
TRPM3,target,chr9:71368278-71368512,"EBF1,ERG,FLI1,GLI3,GLIS3,IKZF1,LEF1,NFIA,ONECUT1,PRDM16,PRRX1,RFX4,RIT2,RUNX2,SOX6,TAC1,TLL1,ZIC1,ZNF208,ZNF98"
ALDH1A1,target,,
PCSK5,target,,
GNA14,target,chr9:77598477-77598891,"ERG,EYA1,FLI1,GLI3,GLIS3,IKZF1,LEF1,MECOM,NFIA,ONECUT1,PRDM16,PRRX1,RFX4,RIT2,RUNX1,RUNX2,SOX6,TAC1,TBX18,TLL1,ZIC1,ZNF208,ZNF98"
RASEF,target,"chr9:83154396-83155165,chr9:83299576-83299951","EBF1,ERG,EYA1,FLI1,GLI3,GLIS3,HIF3A,IKZF1,LEF1,MECOM,NFIA,ONECUT1,PRDM16,PRRX1,RFX4,RIT2,RUNX1,RUNX2,SOX6,TAC1,TBX18,TLL1,ZFHX3,ZIC1,ZNF208,ZNF98"
AL161629.1,target,chr9:89825692-89826830,"EBF1,ERG,EYA1,FLI1,GLI3,GLIS3,HIF3A,IKZF1,LEF1,MECOM,NFIA,ONECUT1,PRDM16,PRRX1,RFX4,RIT2,RUNX1,RUNX2,SOX6,TAC1,TBX18,TLL1,ZFHX3,ZIC1,ZNF208,ZNF98"
GRIN3A,target,"chr9:101736520-101739941,chr9:101875315-101875762","EBF1,ERG,EYA1,FLI1,GLI3,GLIS3,HIF3A,IKZF1,LEF1,MECOM,NFIA,ONECUT1,PRDM16,PRRX1,RFX4,RIT2,RUNX1,RUNX2,SOX6,TAC1,TBX18,TLL1,ZFHX3,ZIC1,ZNF208,ZNF98"
LPAR1,target,"chr9:110828324-110828649,chr9:110875332-110875671,chr9:110877018-110877729","EBF1,ERG,EYA1,FLI1,GLI3,GLIS3,HIF3A,IKZF1,LEF1,MECOM,NFIA,ONECUT1,PRDM16,PRRX1,RFX4,RIT2,RUNX1,RUNX2,SOX6,TAC1,TBX18,TLL1,ZFHX3,ZIC1,ZNF208,ZNF98"
TNC,target,chr9:115039499-115040015,"EBF1,ERG,EYA1,FLI1,GLI3,GLIS3,HIF3A,IKZF1,LEF1,MECOM,NFIA,ONECUT1,PRDM16,PRRX1,RFX4,RIT2,RUNX1,RUNX2,SOX6,TAC1,TLL1,ZFHX3,ZIC1,ZNF208,ZNF98"
AL160272.1,target,,
AL359636.2,target,"chr9:122197480-122198852,chr9:122402295-122402878","EBF1,ERG,EYA1,FLI1,GLI3,GLIS3,HIF3A,IKZF1,LEF1,MECOM,NFIA,ONECUT1,PRDM16,PRRX1,RFX4,RIT2,RUNX1,RUNX2,SOX6,TAC1,TBX18,TLL1,ZFHX3,ZIC1,ZNF208,ZNF98"
ADARB2,target,,
LINC02645,target,,
LINC00702,target,,
ITIH5,target,,
ITGA8,target,"chr10:15689532-15690436,chr10:15718628-15720305","EBF1,ERG,EYA1,FLI1,GLI3,GLIS3,HIF3A,IKZF1,LEF1,MECOM,NFIA,ONECUT1,PRDM16,PRRX1,RFX4,RIT2,RUNX1,RUNX2,SOX6,TAC1,TBX18,TLL1,ZIC1,ZNF208,ZNF98"
MRC1,target,chr10:17673567-17674096,"EBF1,ERG,EYA1,FLI1,GLI3,GLIS3,HIF3A,IKZF1,LEF1,MECOM,NFIA,ONECUT1,PRDM16,PRRX1,RFX4,RIT2,RUNX1,RUNX2,SOX6,TAC1,TBX18,TLL1,ZIC1,ZNF208,ZNF98"
SLC39A12,target,,
KIAA1217,target,chr10:23692607-23696721,"EBF1,ERG,EYA1,FLI1,GLI3,GLIS3,HIF3A,IKZF1,LEF1,MECOM,NFIA,ONECUT1,PRDM16,PRRX1,RFX4,RIT2,RUNX1,RUNX2,SOX6,TAC1,TBX18,TLL1,ZFHX3,ZIC1,ZNF208,ZNF98"
GAD2,target,,
APBB1IP,target,chr10:26214555-26218678,"EBF1,ERG,EYA1,FLI1,GLI3,GLIS3,HIF3A,IKZF1,LEF1,MECOM,NFIA,ONECUT1,PRDM16,PRRX1,RFX4,RIT2,RUNX1,RUNX2,SOX6,TAC1,TBX18,TLL1,ZFHX3,ZIC1,ZNF208,ZNF98"
PARD3,target,,
LNCAROD,target,,
PCDH15,target,,
LINC01515,target,chr10:65765010-65765365,"EBF1,ERG,EYA1,FLI1,GLIS3,HIF3A,IKZF1,LEF1,MECOM,NFIA,ONECUT1,PRDM16,PRRX1,RFX4,RIT2,RUNX1,RUNX2,SOX6,TAC1,TBX18,TLL1,ZFHX3,ZIC1,ZNF208,ZNF98"
SRGN,target,,
LRMDA,target,,
CERNA2,target,chr10:84193966-84199380,"EBF1,ERG,EYA1,FLI1,GLI3,GLIS3,HIF3A,IKZF1,LEF1,MECOM,NFIA,ONECUT1,PRDM16,PRRX1,RFX4,RIT2,RUNX1,RUNX2,SOX6,TAC1,TBX18,TLL1,ZFHX3,ZIC1,ZNF208,ZNF98"
LINC01374,target,,
LINC02653,target,chr10:90399774-90400083,"ERG,EYA1,FLI1,GLI3,IKZF1,LEF1,MECOM,NFIA,ONECUT1,PRDM16,PRRX1,RFX4,RIT2,RUNX2,SOX6,TAC1,TLL1,ZIC1,ZNF208,ZNF98"
ANKRD1,target,,
PLCE1,target,,
HPSE2,target,chr10:99386701-99397643,"EBF1,ERG,EYA1,FLI1,GLI3,GLIS3,HIF3A,IKZF1,LEF1,MECOM,NFIA,ONECUT1,PRDM16,PRRX1,RFX4,RIT2,RUNX1,RUNX2,SOX6,TAC1,TBX18,TLL1,ZFHX3,ZIC1,ZNF208,ZNF98"
LINC01435,target,,
RBM20,target,,
AL136119.1,target,,
C10orf90,target,"chr10:126634898-126635741,chr10:126917385-126918582","EBF1,ERG,EYA1,FLI1,GLI3,GLIS3,HIF3A,IKZF1,LEF1,MECOM,NFIA,ONECUT1,PRDM16,PRRX1,RFX4,RIT2,RUNX1,RUNX2,SOX6,TAC1,TBX18,TLL1,ZFHX3,ZIC1,ZNF208,ZNF98"
MRVI1,target,,
SPON1,target,,
SOX6,TF,chr11:16603170-16608200,"EBF1,ERG,EYA1,FLI1,GLI3,GLIS3,HIF3A,IKZF1,LEF1,MECOM,NFIA,ONECUT1,PRDM16,PRRX1,RFX4,RIT2,RUNX1,RUNX2,TAC1,TBX18,TLL1,ZFHX3,ZIC1,ZNF208,ZNF98"
LUZP2,target,,
CD44,target,,
SLC1A2,target,"chr11:35275354-35277346,chr11:35303737-35305326,chr11:35463030-35463791","EBF1,ERG,EYA1,FLI1,GLI3,GLIS3,HIF3A,IKZF1,LEF1,MECOM,NFIA,ONECUT1,PRDM16,PRRX1,RFX4,RIT2,RUNX1,RUNX2,SOX6,TAC1,TBX18,TLL1,ZFHX3,ZIC1,ZNF208,ZNF98"
AC021723.2,target,,
MS4A6A,target,,
MS4A4A,target,,
NEAT1,target,,
SLCO2B1,target,,
AP003464.1,target,,
MIR4300HG,target,,
NOX4,target,,
DISC1FP1,target,,
MAML2,target,,
AP003066.1,target,,
TRPC6,target,,
PDGFD,target,,
AP001977.1,target,"chr11:121695925-121697395,chr11:121800716-121801048","EBF1,ERG,EYA1,FLI1,GLI3,GLIS3,HIF3A,IKZF1,LEF1,MECOM,NFIA,ONECUT1,PRDM16,PRRX1,RFX4,RIT2,RUNX1,RUNX2,SOX6,TAC1,TBX18,TLL1,ZFHX3,ZIC1,ZNF208,ZNF98"
FLI1,TF,chr11:128692849-128694972,"EBF1,ERG,EYA1,GLI3,GLIS3,HIF3A,IKZF1,LEF1,MECOM,NFIA,ONECUT1,PRDM16,PRRX1,RFX4,RIT2,RUNX1,RUNX2,SOX6,TAC1,TBX18,TLL1,ZFHX3,ZIC1,ZNF208,ZNF98"
ANO2,target,,
CD163,target,,
SLC15A5,target,,
RERGL,target,,
PDE3A,target,,
SLCO1C1,target,chr12:20486352-20486890,"EBF1,ERG,EYA1,FLI1,GLI3,GLIS3,HIF3A,IKZF1,LEF1,MECOM,NFIA,ONECUT1,PRDM16,PRRX1,RFX4,RIT2,RUNX1,RUNX2,SOX6,TAC1,TBX18,TLL1,ZFHX3,ZIC1,ZNF208,ZNF98"
SLCO1A2,target,,
PDZRN4,target,,
IFNG-AS1,target,,
BEST3,target,,
AC090015.1,target,,
PAWR,target,,
OTOGL,target,,
LINC02822,target,,
DCN,target,,
RMST,target,,
MYBPC1,target,,
RFX4,TF,chr12:106580797-106587757,"EBF1,ERG,EYA1,FLI1,GLI3,GLIS3,HIF3A,IKZF1,LEF1,MECOM,NFIA,ONECUT1,PRDM16,PRRX1,RIT2,RUNX1,RUNX2,SOX6,TAC1,TBX18,TLL1,ZFHX3,ZIC1,ZNF208,ZNF98"
BTBD11,target,chr12:107317748-107321976,"EBF1,ERG,EYA1,FLI1,GLI3,GLIS3,HIF3A,IKZF1,LEF1,MECOM,NFIA,ONECUT1,PRDM16,PRRX1,RFX4,RIT2,RUNX1,RUNX2,SOX6,TAC1,TBX18,TLL1,ZFHX3,ZIC1,ZNF208,ZNF98"
NOS1,target,,
TMEM132C,target,,
FAM230C,target,,
FLT1,target,"chr13:28494018-28495338,chr13:28532206-28533317","EBF1,ERG,EYA1,FLI1,GLI3,GLIS3,HIF3A,IKZF1,LEF1,MECOM,NFIA,ONECUT1,PRDM16,PRRX1,RFX4,RIT2,RUNX1,RUNX2,SOX6,TAC1,TBX18,TLL1,ZFHX3,ZIC1,ZNF208,ZNF98"
RXFP2,target,,
POSTN,target,chr13:37443547-37443945,"EBF1,ERG,EYA1,FLI1,GLI3,GLIS3,HIF3A,IKZF1,LEF1,MECOM,NFIA,ONECUT1,PRDM16,PRRX1,RFX4,RIT2,RUNX1,RUNX2,SOX6,TAC1,TBX18,TLL1,ZFHX3,ZIC1,ZNF208,ZNF98"
CYSLTR2,target,,
AL356295.1,target,,
AL442636.1,target,chr13:54709610-54709976,"EBF1,ERG,FLI1,GLI3,GLIS3,HIF3A,IKZF1,LEF1,MECOM,ONECUT1,PRDM16,PRRX1,RFX4,RIT2,RUNX1,RUNX2,SOX6,TAC1,TBX18,TLL1,ZIC1,ZNF208,ZNF98"
LINC00378,target,,
LINC00395,target,,
KLHL1,target,,
DACH1,target,,
AL136441.1,target,,
OBI1-AS1,target,,
AL445255.1,target,,
AL162493.1,target,,
AL445207.1,target,,
GPC5,target,,
AL137139.2,target,"chr13:100124265-100124684,chr13:99797603-99798003","EBF1,ERG,EYA1,FLI1,GLI3,GLIS3,HIF3A,IKZF1,LEF1,MECOM,NFIA,ONECUT1,PRDM16,PRRX1,RFX4,RIT2,RUNX1,RUNX2,SOX6,TAC1,TBX18,TLL1,ZFHX3,ZIC1,ZNF208,ZNF98"
LINC00343,target,,
AL139379.1,target,,
AL138694.1,target,,
MYO16,target,"chr13:108463327-108463850,chr13:108494722-108497206","EBF1,ERG,EYA1,FLI1,GLI3,GLIS3,HIF3A,IKZF1,LEF1,MECOM,NFIA,ONECUT1,PRDM16,PRRX1,RFX4,RIT2,RUNX1,RUNX2,SOX6,TAC1,TBX18,TLL1,ZFHX3,ZIC1,ZNF208,ZNF98"
AL163541.1,target,chr13:109705318-109705602,"EBF1,ERG,FLI1,GLI3,GLIS3,IKZF1,LEF1,MECOM,NFIA,PRDM16,PRRX1,RFX4,RUNX1,RUNX2,SOX6,TBX18,ZIC1,ZNF208,ZNF98"
LINC02306,target,,
AL110292.1,target,,
LINC00609,target,chr14:36091137-36091479,"EBF1,ERG,EYA1,FLI1,GLI3,GLIS3,HIF3A,IKZF1,LEF1,MECOM,ONECUT1,PRDM16,PRRX1,RFX4,RIT2,RUNX1,RUNX2,SOX6,TLL1,ZFHX3,ZIC1,ZNF208,ZNF98"
AL390800.1,target,,
LINC02315,target,,
LINC02307,target,,
LINC00871,target,,
SLC35F4,target,,
SMOC1,target,,
STON2,target,,
LINC02296,target,,
SERPINA3,target,chr14:94660008-94660517,"EBF1,ERG,EYA1,FLI1,GLI3,GLIS3,HIF3A,IKZF1,LEF1,MECOM,NFIA,ONECUT1,PRDM16,PRRX1,RFX4,RIT2,RUNX1,RUNX2,SOX6,TAC1,TBX18,TLL1,ZFHX3,ZIC1,ZNF208,ZNF98"
ATP10A,target,,
LINC02248,target,,
CHRNA7,target,,
RYR3,target,chr15:33551837-33552812,"EBF1,ERG,EYA1,FLI1,GLI3,GLIS3,HIF3A,IKZF1,LEF1,MECOM,NFIA,ONECUT1,PRDM16,PRRX1,RFX4,RIT2,RUNX1,RUNX2,SOX6,TAC1,TBX18,TLL1,ZIC1,ZNF208,ZNF98"
LINC02694,target,,
AC012405.1,target,,
AC073941.1,target,,
ONECUT1,TF,,
AC104574.2,target,chr15:61712174-61712635,"EBF1,ERG,EYA1,FLI1,GLI3,GLIS3,HIF3A,IKZF1,LEF1,MECOM,NFIA,ONECUT1,PRDM16,PRRX1,RFX4,RIT2,RUNX1,RUNX2,SOX6,TAC1,TLL1,ZFHX3,ZIC1,ZNF208,ZNF98"
MEGF11,target,,
ACSBG1,target,,
AC104041.1,target,,
AGBL1,target,chr15:85910921-85911214,"EBF1,ERG,FLI1,GLIS3,HIF3A,IKZF1,LEF1,MECOM,NFIA,ONECUT1,PRDM16,PRRX1,RFX4,RIT2,RUNX1,RUNX2,SOX6,TBX18,TLL1,ZFHX3,ZIC1,ZNF208,ZNF98"
AC110023.1,target,,
MCTP2,target,chr15:94023569-94023958,"EBF1,ERG,FLI1,GLI3,GLIS3,HIF3A,IKZF1,LEF1,MECOM,NFIA,ONECUT1,PRDM16,PRRX1,RFX4,RIT2,RUNX1,RUNX2,SOX6,TAC1,TBX18,TLL1,ZIC1,ZNF208"
NR2F2-AS1,target,,
AC022523.1,target,chr15:98148322-98148762,"EBF1,ERG,EYA1,FLI1,GLI3,GLIS3,IKZF1,LEF1,MECOM,NFIA,ONECUT1,PRDM16,RFX4,RIT2,RUNX1,RUNX2,SOX6,TAC1,TBX18,TLL1,ZIC1,ZNF208,ZNF98"
ADAMTS17,target,,
HS3ST2,target,,
SLC5A11,target,"chr16:24825710-24829988,chr16:24850224-24854968","EBF1,ERG,EYA1,FLI1,GLI3,GLIS3,HIF3A,IKZF1,LEF1,MECOM,NFIA,ONECUT1,PRDM16,PRRX1,RFX4,RIT2,RUNX1,RUNX2,SOX6,TAC1,TBX18,TLL1,ZFHX3,ZIC1,ZNF208,ZNF98"
HS3ST4,target,,
AC087564.1,target,,
AC138305.1,target,,
AC092131.1,target,,
ZFHX3,TF,,
AC092114.1,target,"chr16:73321619-73323492,chr16:73355787-73356306","EBF1,ERG,EYA1,FLI1,GLI3,GLIS3,HIF3A,IKZF1,LEF1,MECOM,NFIA,ONECUT1,PRDM16,PRRX1,RFX4,RIT2,RUNX1,RUNX2,SOX6,TAC1,TBX18,TLL1,ZFHX3,ZIC1,ZNF208,ZNF98"
PIK3R5,target,chr17:9021137-9022611,"EBF1,ERG,EYA1,FLI1,GLI3,GLIS3,IKZF1,LEF1,MECOM,NFIA,PRDM16,PRRX1,RFX4,RUNX1,RUNX2,SOX6,TBX18,TLL1,ZIC1,ZNF208,ZNF98"
AC129926.2,target,,
GFAP,target,"chr17:44747731-44752368,chr17:44756302-44764494,chr17:44910309-44914255","EBF1,ERG,EYA1,FLI1,GLI3,GLIS3,HIF3A,IKZF1,LEF1,MECOM,NFIA,ONECUT1,PRDM16,PRRX1,RFX4,RIT2,RUNX1,RUNX2,SOX6,TAC1,TBX18,TLL1,ZFHX3,ZIC1,ZNF208,ZNF98"
LINC02073,target,,
AC034268.2,target,,
CASC17,target,,
COLEC12,target,"chr18:644418-644912,chr18:706049-706711","EBF1,ERG,EYA1,FLI1,GLI3,GLIS3,HIF3A,IKZF1,LEF1,MECOM,NFIA,ONECUT1,PRDM16,PRRX1,RFX4,RIT2,RUNX1,RUNX2,SOX6,TAC1,TBX18,TLL1,ZFHX3,ZIC1,ZNF208,ZNF98"
PIEZO2,target,,
AQP4,target,,
CHST9,target,,
MIR924HG,target,,
RIT2,TF,,
SLC14A1,target,"chr18:45510467-45510926,chr18:45837373-45843350","EBF1,ERG,EYA1,FLI1,GLI3,GLIS3,HIF3A,IKZF1,LEF1,MECOM,NFIA,ONECUT1,PRDM16,PRRX1,RFX4,RIT2,RUNX1,RUNX2,SOX6,TAC1,TBX18,TLL1,ZFHX3,ZIC1,ZNF208,ZNF98"
MYO5B,target,chr18:50199404-50199649,"EBF1,ERG,FLI1,GLI3,HIF3A,IKZF1,LEF1,MECOM,ONECUT1,PRDM16,PRRX1,RFX4,RIT2,RUNX1,RUNX2,SOX6,TLL1,ZIC1,ZNF208,ZNF98"
LINC01416,target,chr18:56028520-56028910,"EBF1,ERG,EYA1,FLI1,GLI3,GLIS3,HIF3A,IKZF1,LEF1,MECOM,NFIA,ONECUT1,PRDM16,PRRX1,RFX4,RIT2,RUNX1,RUNX2,SOX6,TAC1,TBX18,TLL1,ZFHX3,ZIC1,ZNF208,ZNF98"
AC006305.1,target,chr18:56028520-56028910,"EBF1,ERG,EYA1,FLI1,GLI3,GLIS3,HIF3A,IKZF1,LEF1,MECOM,NFIA,ONECUT1,PRDM16,PRRX1,RFX4,RIT2,RUNX1,RUNX2,SOX6,TAC1,TBX18,TLL1,ZFHX3,ZIC1,ZNF208,ZNF98"
CCBE1,target,chr18:59695201-59698000,"EBF1,ERG,EYA1,FLI1,GLI3,GLIS3,HIF3A,IKZF1,LEF1,MECOM,NFIA,ONECUT1,PRDM16,PRRX1,RFX4,RIT2,RUNX1,RUNX2,SOX6,TAC1,TBX18,TLL1,ZFHX3,ZIC1,ZNF208,ZNF98"
AC091576.1,target,chr18:60122938-60123496,"EBF1,ERG,EYA1,FLI1,GLI3,GLIS3,HIF3A,IKZF1,LEF1,MECOM,NFIA,ONECUT1,PRDM16,PRRX1,RFX4,RIT2,RUNX1,RUNX2,SOX6,TAC1,TBX18,TLL1,ZFHX3,ZIC1,ZNF208,ZNF98"
AC113137.1,target,,
AC022655.1,target,,
AC005909.2,target,,
AC090125.1,target,,
AC124254.2,target,chr18:77522160-77522548,"EBF1,ERG,FLI1,GLI3,GLIS3,HIF3A,IKZF1,LEF1,MECOM,NFIA,ONECUT1,PRDM16,PRRX1,RFX4,RIT2,RUNX1,RUNX2,SOX6,TBX18,TLL1,ZIC1,ZNF208,ZNF98"
ZNF208,TF,chr19:22215531-22215813,"EBF1,ERG,EYA1,FLI1,GLI3,GLIS3,IKZF1,LEF1,MECOM,NFIA,PRDM16,RFX4,RIT2,RUNX1,RUNX2,SOX6,TBX18,ZIC1"
ZNF98,TF,,
FCGBP,target,,
APOE,target,"chr19:44747132-44749145,chr19:44844500-44849275,chr19:45121124-45124208,chr19:45140772-45144266","EBF1,ERG,EYA1,FLI1,GLI3,GLIS3,HIF3A,IKZF1,LEF1,MECOM,NFIA,ONECUT1,PRDM16,PRRX1,RFX4,RIT2,RUNX1,RUNX2,SOX6,TAC1,TBX18,TLL1,ZFHX3,ZIC1,ZNF208,ZNF98"
HIF3A,TF,,
CST3,target,chr20:23634126-23639181,"EBF1,ERG,EYA1,FLI1,GLI3,GLIS3,HIF3A,IKZF1,LEF1,MECOM,NFIA,ONECUT1,PRDM16,PRRX1,RFX4,RIT2,RUNX1,RUNX2,SOX6,TAC1,TBX18,TLL1,ZFHX3,ZIC1,ZNF208,ZNF98"
EYA2,target,chr20:47113728-47114119,"EBF1,ERG,EYA1,FLI1,GLI3,GLIS3,IKZF1,LEF1,MECOM,ONECUT1,PRDM16,RFX4,RIT2,RUNX1,RUNX2,SOX6,TAC1,TBX18,TLL1,ZIC1,ZNF208,ZNF98"
BCAS1,target,chr20:54320258-54320610,"EBF1,ERG,FLI1,GLI3,GLIS3,HIF3A,IKZF1,LEF1,MECOM,NFIA,ONECUT1,PRDM16,PRRX1,RFX4,RIT2,RUNX1,RUNX2,SOX6,TAC1,TBX18,TLL1,ZFHX3,ZIC1,ZNF208,ZNF98"
MIR646HG,target,,
AJ009632.2,target,,
LINC01687,target,,
GRIK1,target,,
RUNX1,TF,chr21:36087081-36088162,"EBF1,ERG,EYA1,FLI1,GLI3,GLIS3,HIF3A,IKZF1,LEF1,MECOM,NFIA,ONECUT1,PRDM16,PRRX1,RFX4,RIT2,RUNX2,SOX6,TAC1,TBX18,TLL1,ZFHX3,ZIC1,ZNF208,ZNF98"
ERG,TF,"chr21:38525240-38525762,chr21:38660629-38661506,chr21:38787525-38788035","EBF1,EYA1,FLI1,GLI3,GLIS3,HIF3A,IKZF1,LEF1,MECOM,NFIA,ONECUT1,PRDM16,PRRX1,RFX4,RIT2,RUNX1,RUNX2,SOX6,TAC1,TBX18,TLL1,ZIC1,ZNF208,ZNF98"
FAM230F,target,chr22:19032702-19041551,"EBF1,ERG,EYA1,FLI1,GLI3,GLIS3,HIF3A,IKZF1,LEF1,MECOM,NFIA,ONECUT1,PRDM16,PRRX1,RFX4,RIT2,RUNX1,RUNX2,SOX6,TAC1,TBX18,TLL1,ZFHX3,ZIC1,ZNF208,ZNF98"
CLDN5,target,chr22:19727294-19734567,"EBF1,ERG,EYA1,FLI1,GLI3,GLIS3,IKZF1,LEF1,MECOM,NFIA,ONECUT1,PRDM16,PRRX1,RFX4,RIT2,RUNX1,RUNX2,SOX6,TAC1,TBX18,TLL1,ZFHX3,ZIC1,ZNF208,ZNF98"
FBLN1,target,chr22:45525534-45527315,"EBF1,ERG,EYA1,FLI1,GLI3,GLIS3,HIF3A,IKZF1,LEF1,MECOM,NFIA,ONECUT1,PRDM16,PRRX1,RFX4,RIT2,RUNX1,RUNX2,SOX6,TAC1,TBX18,TLL1,ZFHX3,ZIC1,ZNF208,ZNF98"
AC112493.1,target,chrX:27398952-27399161,"EBF1,ERG,FLI1,GLI3,GLIS3,HIF3A,IKZF1,LEF1,MECOM,PRDM16,PRRX1,RFX4,RUNX2,SOX6,TBX18,ZIC1,ZNF208"
VSIG4,target,,
PLP1,target,,
XACT,target,,
HTR2C,target,,
FGF13,target,,
LINC00278,target,"chrY:2860440-2860846,chrY:2874720-2875068","EBF1,ERG,EYA1,FLI1,GLI3,GLIS3,HIF3A,IKZF1,LEF1,MECOM,NFIA,ONECUT1,PRDM16,PRRX1,RFX4,RIT2,RUNX1,RUNX2,SOX6,TAC1,TBX18,TLL1,ZFHX3,ZIC1,ZNF208,ZNF98"
PCDH11Y,target,,
AC010086.3,target,,
